id,first_name,country,gender
1,Timothy,China,Male
2,Teresa,China,Female
3,Anne,Philippines,Female
4,Kenneth,Indonesia,Male
5,Carlos,China,Male
6,Anne,Peru,Female
7,Dorothy,Croatia,Female
8,Philip,Macedonia,Male
9,Steven,Canada,Male
10,Angela,Russia,Female
11,Patrick,Japan,Male
12,Betty,Ukraine,Female
13,Gerald,China,Male
14,Terry,Portugal,Male
15,Terry,China,Male
16,Victor,South Korea,Male
17,Victor,Saudi Arabia,Male
18,Rachel,Poland,Female
19,Robin,China,Female
20,Phyllis,Cuba,Female
21,Johnny,Palestinian Territory,Male
22,Janice,China,Female
23,Joshua,Russia,Male
24,Carolyn,Laos,Female
25,Howard,Indonesia,Male
26,Carlos,Indonesia,Male
27,Juan,China,Male
28,Michael,Brazil,Male
29,Linda,Poland,Female
30,Billy,Indonesia,Male
31,William,Kosovo,Male
32,Carolyn,Portugal,Female
33,Teresa,France,Female
34,Benjamin,United States,Male
35,George,Peru,Male
36,Ann,Portugal,Female
37,Bonnie,Philippines,Female
38,Kevin,Afghanistan,Male
39,Robin,Indonesia,Female
40,Scott,Morocco,Male
41,Jean,China,Female
42,Stephanie,Indonesia,Female
43,Carolyn,China,Female
44,Andrew,Serbia,Male
45,Jack,Dominican Republic,Male
46,Wayne,China,Male
47,Paul,Ireland,Male
48,Peter,China,Male
49,Julie,Colombia,Female
50,Scott,Philippines,Male
51,Debra,Vietnam,Female
52,James,Portugal,Male
53,Steve,Afghanistan,Male
54,Julia,France,Female
55,Donald,Aland Islands,Male
56,Bobby,Luxembourg,Male
57,Andrew,China,Male
58,Martin,Argentina,Male
59,Carl,Brazil,Male
60,Phyllis,Nigeria,Female
61,Beverly,United Kingdom,Female
62,Robert,Russia,Male
63,James,China,Male
64,Adam,Poland,Male
65,Kathryn,Jamaica,Female
66,Jeffrey,Peru,Male
67,Edward,China,Male
68,Melissa,Thailand,Female
69,Ryan,Brazil,Male
70,Martha,Dominican Republic,Female
71,Ryan,Indonesia,Male
72,Deborah,Japan,Female
73,Roy,China,Male
74,Deborah,Kyrgyzstan,Female
75,Amy,Philippines,Female
76,Dennis,Indonesia,Male
77,Andrea,United States,Female
78,Anna,Russia,Female
79,Gregory,China,Male
80,Jessica,Argentina,Female
81,Irene,Czech Republic,Female
82,Michelle,China,Female
83,Diana,Brunei,Female
84,Joshua,Mongolia,Male
85,Daniel,China,Male
86,Joshua,United States,Male
87,Laura,Indonesia,Female
88,Jason,Ukraine,Male
89,Antonio,Indonesia,Male
90,Doris,Brazil,Female
91,Linda,Netherlands,Female
92,Jane,Portugal,Female
93,Debra,China,Female
94,Joshua,Argentina,Male
95,Carol,China,Female
96,Justin,Costa Rica,Male
97,Marie,United States,Female
98,Rose,Canada,Female
99,Marilyn,Indonesia,Female
100,David,Peru,Male
101,Keith,China,Male
102,Tammy,Finland,Female
103,Steve,Sweden,Male
104,Angela,Brazil,Female
105,Samuel,Portugal,Male
106,Martha,Venezuela,Female
107,Mildred,Ireland,Female
108,Norma,Nigeria,Female
109,Martha,France,Female
110,Chris,Russia,Male
111,Albert,China,Male
112,Shawn,China,Male
113,Jerry,Philippines,Male
114,Irene,France,Female
115,Judy,Indonesia,Female
116,Clarence,China,Male
117,Bobby,China,Male
118,Sara,Canada,Female
119,Edward,Australia,Male
120,Dorothy,Philippines,Female
121,Amanda,Kazakhstan,Female
122,Carlos,Philippines,Male
123,Christopher,Belgium,Male
124,Ryan,Russia,Male
125,Larry,South Korea,Male
126,Julie,China,Female
127,Diane,Portugal,Female
128,Randy,Costa Rica,Male
129,Kimberly,Armenia,Female
130,Justin,Bolivia,Male
131,Pamela,Guatemala,Female
132,Barbara,China,Female
133,Gregory,China,Male
134,Rebecca,Argentina,Female
135,Keith,Afghanistan,Male
136,Roy,China,Male
137,Douglas,Kazakhstan,Male
138,Henry,Indonesia,Male
139,Justin,China,Male
140,Tina,Turkmenistan,Female
141,Matthew,United States,Male
142,Roger,China,Male
143,Brandon,Indonesia,Male
144,Carolyn,China,Female
145,Benjamin,China,Male
146,Ashley,Greece,Female
147,Virginia,China,Female
148,Nicholas,Nepal,Male
149,Anne,Sweden,Female
150,Alice,China,Female
151,Arthur,Slovenia,Male
152,Mary,Portugal,Female
153,Ralph,United States,Male
154,Shirley,United States,Female
155,Jack,Canada,Male
156,Walter,Philippines,Male
157,Robin,Yemen,Female
158,Donna,China,Female
159,Steven,China,Male
160,Michael,Thailand,Male
161,Howard,North Korea,Male
162,Anne,Sweden,Female
163,Sandra,Indonesia,Female
164,Anthony,Poland,Male
165,Carlos,Russia,Male
166,Mark,Netherlands,Male
167,Joyce,Norway,Female
168,Ann,Peru,Female
169,Gerald,Sweden,Male
170,Christina,Yemen,Female
171,Edward,Sweden,Male
172,Terry,Latvia,Male
173,Ashley,Ukraine,Female
174,Joan,Russia,Female
175,Todd,Mexico,Male
176,Margaret,Russia,Female
177,Mildred,China,Female
178,Jason,Thailand,Male
179,James,Brazil,Male
180,Carolyn,Indonesia,Female
181,Charles,Canada,Male
182,Evelyn,Colombia,Female
183,Michael,Zimbabwe,Male
184,Keith,Philippines,Male
185,Howard,China,Male
186,Carolyn,China,Female
187,Kevin,Honduras,Male
188,Philip,Libya,Male
189,Marie,Poland,Female
190,Albert,Brazil,Male
191,Elizabeth,New Caledonia,Female
192,James,Russia,Male
193,Alan,Indonesia,Male
194,Frances,Kenya,Female
195,Albert,China,Male
196,Katherine,Indonesia,Female
197,Donald,Azerbaijan,Male
198,Jack,Russia,Male
199,Deborah,Armenia,Female
200,Margaret,Comoros,Female
201,Edward,Philippines,Male
202,Janice,Russia,Female
203,Cheryl,Brazil,Female
204,Phillip,Germany,Male
205,Henry,Brazil,Male
206,Patricia,France,Female
207,Douglas,China,Male
208,Phillip,Russia,Male
209,Steve,China,Male
210,Rebecca,Afghanistan,Female
211,John,Armenia,Male
212,Lori,Armenia,Female
213,Carlos,China,Male
214,Nancy,Indonesia,Female
215,Deborah,Yemen,Female
216,Billy,Indonesia,Male
217,Laura,Russia,Female
218,David,China,Male
219,Michelle,Vietnam,Female
220,Charles,China,Male
221,Eugene,China,Male
222,George,Indonesia,Male
223,Brian,Indonesia,Male
224,Paul,United States,Male
225,Sandra,Morocco,Female
226,Juan,France,Male
227,Anthony,Russia,Male
228,Diane,Peru,Female
229,Norma,Russia,Female
230,Kathryn,Canada,Female
231,Brandon,Pakistan,Male
232,Shawn,Brazil,Male
233,Cheryl,China,Female
234,Eugene,Poland,Male
235,Steve,Indonesia,Male
236,James,Philippines,Male
237,Andrea,China,Female
238,Wayne,Guatemala,Male
239,Matthew,China,Male
240,Randy,Chad,Male
241,Robin,Indonesia,Female
242,Larry,Uganda,Male
243,Jack,Brazil,Male
244,George,Argentina,Male
245,Bobby,Moldova,Male
246,Christopher,China,Male
247,Margaret,China,Female
248,Roy,Russia,Male
249,Alan,Indonesia,Male
250,Earl,Indonesia,Male
251,Anne,Ukraine,Female
252,Christina,France,Female
253,Virginia,Sweden,Female
254,Mark,Philippines,Male
255,Marilyn,China,Female
256,Kenneth,France,Male
257,Irene,Madagascar,Female
258,Gregory,United States,Male
259,Joe,China,Male
260,Sean,France,Male
261,William,Peru,Male
262,Marie,Ukraine,Female
263,Julia,Botswana,Female
264,Patricia,Greece,Female
265,Douglas,Belarus,Male
266,Todd,Portugal,Male
267,Alan,Indonesia,Male
268,Carolyn,Indonesia,Female
269,Peter,Greece,Male
270,Bonnie,China,Female
271,Christopher,New Zealand,Male
272,Bonnie,Portugal,Female
273,Julia,China,Female
274,Catherine,Hungary,Female
275,Irene,Peru,Female
276,Patricia,Syria,Female
277,Roy,Philippines,Male
278,Judy,Portugal,Female
279,Ralph,Greece,Male
280,Maria,Serbia,Female
281,Mildred,Indonesia,Female
282,Joe,Japan,Male
283,Nancy,Honduras,Female
284,George,China,Male
285,Janet,Japan,Female
286,Jonathan,Czech Republic,Male
287,Katherine,Yemen,Female
288,Christine,Finland,Female
289,Juan,China,Male
290,Nicole,Indonesia,Female
291,Raymond,Argentina,Male
292,Andrew,Marshall Islands,Male
293,Jane,Russia,Female
294,Rachel,Peru,Female
295,John,China,Male
296,Lori,Portugal,Female
297,Gloria,South Africa,Female
298,Scott,Micronesia,Male
299,Rose,Philippines,Female
300,Nicholas,China,Male
301,Ryan,Brazil,Male
302,Teresa,China,Female
303,Marilyn,Poland,Female
304,Nicholas,Russia,Male
305,Christopher,Argentina,Male
306,Andrew,Indonesia,Male
307,Linda,South Korea,Female
308,Joshua,United States,Male
309,Louise,Lebanon,Female
310,Jerry,United Kingdom,Male
311,Eric,China,Male
312,Joseph,Argentina,Male
313,Tammy,China,Female
314,Sandra,Sweden,Female
315,Kathleen,China,Female
316,Annie,Argentina,Female
317,Daniel,Russia,Male
318,Lois,Poland,Female
319,Richard,France,Male
320,Eugene,Guinea,Male
321,Sharon,Spain,Female
322,Maria,Russia,Female
323,Peter,Ukraine,Male
324,Carl,China,Male
325,James,Philippines,Male
326,Scott,Brazil,Male
327,Peter,China,Male
328,Roger,Sweden,Male
329,Robin,Philippines,Female
330,Charles,Sweden,Male
331,Annie,Portugal,Female
332,Kevin,United States,Male
333,Mildred,Indonesia,Female
334,Albert,China,Male
335,Frances,Yemen,Female
336,Jacqueline,South Sudan,Female
337,Nicole,Dominican Republic,Female
338,Kevin,China,Male
339,Stephanie,Greece,Female
340,Carlos,Czech Republic,Male
341,Judy,Luxembourg,Female
342,Gregory,Philippines,Male
343,Ronald,Mali,Male
344,Carl,Dominican Republic,Male
345,Debra,Thailand,Female
346,Adam,Lebanon,Male
347,Virginia,France,Female
348,Debra,United States,Female
349,Alice,Russia,Female
350,David,China,Male
351,Linda,China,Female
352,Clarence,Indonesia,Male
353,Stephanie,Serbia,Female
354,Antonio,Poland,Male
355,Annie,China,Female
356,Rachel,Indonesia,Female
357,Marie,Philippines,Female
358,Paula,Benin,Female
359,Mary,South Africa,Female
360,Ruby,Ivory Coast,Female
361,Roger,Russia,Male
362,Karen,Ukraine,Female
363,Emily,Japan,Female
364,Jessica,Vietnam,Female
365,Cynthia,Albania,Female
366,Keith,Philippines,Male
367,Gerald,Peru,Male
368,Amy,Philippines,Female
369,John,Russia,Male
370,Chris,Japan,Male
371,Paula,Uganda,Female
372,Judy,Philippines,Female
373,Christine,Saudi Arabia,Female
374,Dennis,Sint Maarten,Male
375,Timothy,Indonesia,Male
376,Victor,Colombia,Male
377,William,China,Male
378,Christine,China,Female
379,Stephanie,Bolivia,Female
380,Lois,Liberia,Female
381,Michael,Albania,Male
382,Nicole,Poland,Female
383,Lisa,China,Female
384,Lisa,Afghanistan,Female
385,Joseph,Poland,Male
386,Sandra,China,Female
387,Nicole,China,Female
388,Albert,Finland,Male
389,Ashley,China,Female
390,Teresa,China,Female
391,Tina,Philippines,Female
392,Maria,Iran,Female
393,Adam,Sweden,Male
394,Eric,Indonesia,Male
395,Jessica,Uruguay,Female
396,Mark,Indonesia,Male
397,Teresa,Portugal,Female
398,Richard,Uzbekistan,Male
399,Eugene,Russia,Male
400,Earl,Russia,Male
401,Phyllis,Trinidad and Tobago,Female
402,Frank,Russia,Male
403,Carolyn,Portugal,Female
404,Daniel,China,Male
405,Ralph,Russia,Male
406,Denise,Uzbekistan,Female
407,Diane,Canada,Female
408,Lillian,Iran,Female
409,Laura,Vietnam,Female
410,Rachel,Honduras,Female
411,Donna,Malawi,Female
412,Carol,Russia,Female
413,Tammy,Indonesia,Female
414,Marie,Belarus,Female
415,Shawn,Russia,Male
416,Betty,Indonesia,Female
417,Walter,Denmark,Male
418,Marie,Russia,Female
419,Fred,Armenia,Male
420,Susan,China,Female
421,Lori,Afghanistan,Female
422,Janet,Finland,Female
423,Sandra,Malaysia,Female
424,Steven,Croatia,Male
425,Deborah,Indonesia,Female
426,Kevin,Russia,Male
427,Brandon,Ukraine,Male
428,Antonio,China,Male
429,Bobby,China,Male
430,Roy,China,Male
431,Evelyn,Colombia,Female
432,Mark,Czech Republic,Male
433,Gary,China,Male
434,Kimberly,China,Female
435,Charles,Greece,Male
436,Kathryn,Eritrea,Female
437,Kathleen,United States,Female
438,Ruby,Poland,Female
439,Diana,Cameroon,Female
440,Ernest,Peru,Male
441,Cheryl,Tajikistan,Female
442,Russell,China,Male
443,Rebecca,Peru,Female
444,Pamela,China,Female
445,Larry,Pakistan,Male
446,Antonio,China,Male
447,Philip,Slovenia,Male
448,Lois,Indonesia,Female
449,Gloria,United States,Female
450,Henry,Russia,Male
451,Bobby,China,Male
452,Sandra,Portugal,Female
453,Ernest,Finland,Male
454,Laura,Brazil,Female
455,Phillip,Central African Republic,Male
456,Steven,Philippines,Male
457,Janice,Brazil,Female
458,Wayne,North Korea,Male
459,Shawn,China,Male
460,Russell,Brazil,Male
461,Annie,Costa Rica,Female
462,Julia,Ivory Coast,Female
463,Jeremy,Indonesia,Male
464,Sara,Cyprus,Female
465,Eric,Poland,Male
466,Phyllis,China,Female
467,Patricia,Indonesia,Female
468,Lois,China,Female
469,Jack,Portugal,Male
470,Sandra,Palestinian Territory,Female
471,Amy,China,Female
472,Alice,Philippines,Female
473,Annie,Bosnia and Herzegovina,Female
474,Christopher,China,Male
475,Christopher,China,Male
476,Ralph,Nigeria,Male
477,Thomas,Philippines,Male
478,Nancy,Philippines,Female
479,Eugene,Poland,Male
480,Patricia,Argentina,Female
481,Phyllis,Venezuela,Female
482,Christopher,Liechtenstein,Male
483,Emily,Indonesia,Female
484,Debra,Argentina,Female
485,Ann,France,Female
486,Teresa,Philippines,Female
487,Carolyn,Poland,Female
488,Mark,Portugal,Male
489,Charles,Philippines,Male
490,Laura,France,Female
491,Robert,Argentina,Male
492,Rebecca,Argentina,Female
493,Ronald,Philippines,Male
494,Joan,Nigeria,Female
495,Brandon,Tanzania,Male
496,Phillip,Russia,Male
497,Teresa,Egypt,Female
498,Dorothy,Sweden,Female
499,Charles,Philippines,Male
500,Carolyn,Sweden,Female
501,Marilyn,China,Female
502,Joe,Poland,Male
503,Joan,Azerbaijan,Female
504,Diane,Portugal,Female
505,Timothy,China,Male
506,George,Ethiopia,Male
507,Robert,China,Male
508,Joseph,China,Male
509,Dorothy,China,Female
510,Virginia,Norway,Female
511,Louis,United States,Male
512,Mark,Ireland,Male
513,Lisa,Portugal,Female
514,Ashley,Indonesia,Female
515,Ann,Argentina,Female
516,Angela,Ukraine,Female
517,Gary,Ukraine,Male
518,Paula,Czech Republic,Female
519,Joshua,Trinidad and Tobago,Male
520,Ralph,China,Male
521,Teresa,Macedonia,Female
522,Peter,Indonesia,Male
523,Daniel,Afghanistan,Male
524,Wanda,Ireland,Female
525,Jose,Russia,Male
526,Donald,Belarus,Male
527,Martin,Jamaica,Male
528,Nicole,Poland,Female
529,Jimmy,North Korea,Male
530,Donald,Argentina,Male
531,Pamela,Indonesia,Female
532,John,Canada,Male
533,Kelly,Russia,Female
534,Howard,Slovenia,Male
535,Michael,Indonesia,Male
536,Randy,Argentina,Male
537,Larry,United States,Male
538,Barbara,Portugal,Female
539,Jean,Japan,Female
540,Ashley,Russia,Female
541,Tammy,Syria,Female
542,Carolyn,Philippines,Female
543,Brenda,Thailand,Female
544,Carlos,Finland,Male
545,Christina,China,Female
546,Heather,Poland,Female
547,Rose,Portugal,Female
548,Sara,Palestinian Territory,Female
549,Richard,Canada,Male
550,Howard,Ireland,Male
551,Steve,Philippines,Male
552,Charles,China,Male
553,Frank,Indonesia,Male
554,Barbara,Indonesia,Female
555,Joan,Switzerland,Female
556,Mark,Mexico,Male
557,Justin,China,Male
558,Timothy,China,Male
559,Tammy,South Africa,Female
560,James,Russia,Male
561,Denise,Brazil,Female
562,Frank,Bulgaria,Male
563,Deborah,Mexico,Female
564,Teresa,Indonesia,Female
565,Susan,France,Female
566,Walter,Cameroon,Male
567,Jean,Japan,Female
568,Antonio,Poland,Male
569,Jimmy,Philippines,Male
570,Albert,Indonesia,Male
571,Ronald,Japan,Male
572,Judy,Ecuador,Female
573,Beverly,Russia,Female
574,Gary,Canada,Male
575,Clarence,China,Male
576,Sarah,Chile,Female
577,Diana,Bulgaria,Female
578,Judith,Brazil,Female
579,Richard,Mali,Male
580,Harold,Somalia,Male
581,Johnny,Indonesia,Male
582,Michelle,China,Female
583,Stephen,Russia,Male
584,Mildred,Brazil,Female
585,Jerry,Mexico,Male
586,Catherine,Colombia,Female
587,Craig,Pakistan,Male
588,Deborah,Sweden,Female
589,Carolyn,Brazil,Female
590,Ruth,China,Female
591,Phillip,Albania,Male
592,Gloria,Russia,Female
593,Dennis,China,Male
594,Jose,China,Male
595,Ann,Maldives,Female
596,Cynthia,China,Female
597,David,Indonesia,Male
598,David,Poland,Male
599,Daniel,Syria,Male
600,Kenneth,Netherlands,Male
601,Martin,Indonesia,Male
602,Evelyn,Liberia,Female
603,Donald,Bosnia and Herzegovina,Male
604,Gerald,Vietnam,Male
605,Kathleen,China,Female
606,Jerry,Tanzania,Male
607,Eric,Russia,Male
608,Tina,China,Female
609,Jean,Ukraine,Female
610,Ryan,Sweden,Male
611,Alan,Philippines,Male
612,Kevin,Tunisia,Male
613,Kenneth,United States,Male
614,Bruce,United States,Male
615,Harold,Serbia,Male
616,Victor,Colombia,Male
617,Norma,United States,Female
618,Ann,China,Female
619,Helen,Palestinian Territory,Female
620,Stephanie,Indonesia,Female
621,Shawn,Indonesia,Male
622,Jacqueline,Japan,Female
623,Jack,China,Male
624,Christina,Philippines,Female
625,Brian,Indonesia,Male
626,Bruce,Syria,Male
627,Beverly,Brazil,Female
628,Kathryn,Argentina,Female
629,Randy,Greece,Male
630,Gloria,Syria,Female
631,Julie,Afghanistan,Female
632,Kathryn,Greece,Female
633,Tina,Botswana,Female
634,Ernest,France,Male
635,Clarence,China,Male
636,Katherine,Cameroon,Female
637,Jeremy,Russia,Male
638,Larry,China,Male
639,Robin,Brazil,Female
640,Denise,United States,Female
641,Susan,Indonesia,Female
642,Kimberly,Madagascar,Female
643,Peter,China,Male
644,Juan,Indonesia,Male
645,Kathy,Sweden,Female
646,Andrew,Indonesia,Male
647,Martha,Japan,Female
648,Terry,Brazil,Male
649,Timothy,Philippines,Male
650,Doris,Peru,Female
651,Roy,China,Male
652,Jean,Madagascar,Female
653,Antonio,China,Male
654,Stephen,Morocco,Male
655,Russell,Brazil,Male
656,Patricia,Poland,Female
657,Judith,Philippines,Female
658,Carolyn,Greece,Female
659,Nicole,France,Female
660,Ryan,Russia,Male
661,Stephen,Japan,Male
662,Thomas,Libya,Male
663,Paul,Indonesia,Male
664,Sharon,Chile,Female
665,Kenneth,Brazil,Male
666,Lisa,United States,Female
667,Barbara,Poland,Female
668,Christina,Philippines,Female
669,Shawn,China,Male
670,Helen,Brazil,Female
671,Douglas,Philippines,Male
672,Albert,Colombia,Male
673,James,Philippines,Male
674,Judith,Philippines,Female
675,Matthew,Belarus,Male
676,Jack,Sweden,Male
677,Tina,Brazil,Female
678,Jose,China,Male
679,Daniel,China,Male
680,Russell,Argentina,Male
681,Fred,Indonesia,Male
682,David,France,Male
683,Justin,Russia,Male
684,Carol,Croatia,Female
685,Michelle,Bolivia,Female
686,Lois,Peru,Female
687,Karen,Philippines,Female
688,Pamela,Russia,Female
689,Antonio,Thailand,Male
690,Katherine,Portugal,Female
691,Gerald,Cambodia,Male
692,William,Ukraine,Male
693,Annie,Guatemala,Female
694,Louis,China,Male
695,Peter,Indonesia,Male
696,Susan,Portugal,Female
697,Helen,China,Female
698,Patrick,Mali,Male
699,Frances,Argentina,Female
700,Martha,Portugal,Female
701,Kenneth,Ukraine,Male
702,Steven,Russia,Male
703,Michelle,Czech Republic,Female
704,Billy,Indonesia,Male
705,Shirley,Poland,Female
706,Gloria,Nigeria,Female
707,Chris,Peru,Male
708,Martha,South Korea,Female
709,Tammy,Philippines,Female
710,Benjamin,Russia,Male
711,Kathy,Czech Republic,Female
712,Helen,Russia,Female
713,Walter,Brazil,Male
714,Ryan,Indonesia,Male
715,Jimmy,Nigeria,Male
716,Theresa,Philippines,Female
717,Arthur,China,Male
718,Kathleen,Indonesia,Female
719,Janet,Russia,Female
720,Richard,China,Male
721,Tammy,Canada,Female
722,Christine,Sweden,Female
723,Craig,Sweden,Male
724,Kathy,Dominican Republic,Female
725,Katherine,Russia,Female
726,Douglas,Russia,Male
727,Jonathan,China,Male
728,Todd,France,Male
729,Irene,Zambia,Female
730,Paul,Kenya,Male
731,Lori,China,Female
732,Larry,Netherlands,Male
733,Andrea,China,Female
734,Sean,Greece,Male
735,Diane,Peru,Female
736,Philip,China,Male
737,Anne,Belarus,Female
738,Lori,Indonesia,Female
739,Martha,Egypt,Female
740,Kelly,Portugal,Female
741,Gerald,Venezuela,Male
742,Daniel,China,Male
743,Clarence,Moldova,Male
744,Jessica,Jamaica,Female
745,Frank,Netherlands,Male
746,Roger,China,Male
747,Angela,New Zealand,Female
748,James,China,Male
749,Adam,France,Male
750,Debra,Indonesia,Female
751,Tina,Czech Republic,Female
752,Roy,Brazil,Male
753,Lori,China,Female
754,Lois,Russia,Female
755,Gerald,Philippines,Male
756,Alice,Japan,Female
757,Jane,Macedonia,Female
758,Martin,Indonesia,Male
759,Antonio,China,Male
760,Alan,Mexico,Male
761,Wanda,Ecuador,Female
762,Stephen,Japan,Male
763,Sean,Nigeria,Male
764,Sharon,Pakistan,Female
765,Antonio,Colombia,Male
766,Wayne,Brazil,Male
767,Joyce,Sri Lanka,Female
768,Kimberly,Philippines,Female
769,Lisa,Ukraine,Female
770,Billy,Argentina,Male
771,Mary,China,Female
772,Doris,China,Female
773,Mary,United States,Female
774,Walter,Indonesia,Male
775,Beverly,Canada,Female
776,Daniel,China,Male
777,Lois,Indonesia,Female
778,Clarence,Poland,Male
779,Gary,United States,Male
780,Raymond,Canada,Male
781,Samuel,United States,Male
782,Thomas,China,Male
783,Shirley,Argentina,Female
784,Diana,Philippines,Female
785,Louis,Portugal,Male
786,Teresa,Poland,Female
787,Joe,Portugal,Male
788,Barbara,Philippines,Female
789,James,Russia,Male
790,Martin,Indonesia,Male
791,Karen,China,Female
792,Charles,Philippines,Male
793,Katherine,China,Female
794,Gregory,Niger,Male
795,Kenneth,Canada,Male
796,Sharon,Mexico,Female
797,Nicholas,Indonesia,Male
798,Jane,China,Female
799,Anna,Netherlands,Female
800,Frank,Colombia,Male
801,Ruth,Tanzania,Female
802,Ronald,Russia,Male
803,Walter,Philippines,Male
804,Lois,Armenia,Female
805,Cynthia,China,Female
806,Wanda,Philippines,Female
807,Ruth,Indonesia,Female
808,Gloria,Jordan,Female
809,Lori,Serbia,Female
810,Ronald,Latvia,Male
811,Anne,China,Female
812,Christine,Russia,Female
813,Elizabeth,Brazil,Female
814,Kathryn,Sweden,Female
815,Christopher,Greece,Male
816,Lillian,China,Female
817,Amanda,China,Female
818,Carlos,China,Male
819,Emily,Ukraine,Female
820,Walter,Indonesia,Male
821,Phyllis,China,Female
822,Melissa,Indonesia,Female
823,Eric,China,Male
824,Joe,Japan,Male
825,Jonathan,China,Male
826,Benjamin,China,Male
827,Amy,China,Female
828,Henry,Macedonia,Male
829,Kenneth,Indonesia,Male
830,Doris,China,Female
831,Anthony,Russia,Male
832,Barbara,China,Female
833,Walter,Serbia,Male
834,Mary,China,Female
835,Earl,Poland,Male
836,Donna,United States,Female
837,Andrew,Ireland,Male
838,Arthur,Indonesia,Male
839,Gerald,China,Male
840,Margaret,Denmark,Female
841,Dennis,China,Male
842,Daniel,Canada,Male
843,Ashley,Ecuador,Female
844,Bobby,Brazil,Male
845,Timothy,Peru,Male
846,Anna,Sierra Leone,Female
847,Steve,Sweden,Male
848,Alice,Russia,Female
849,Lori,Mexico,Female
850,Julie,Ukraine,Female
851,Mary,Poland,Female
852,Lawrence,Greece,Male
853,Jean,Peru,Female
854,Eugene,Philippines,Male
855,William,Indonesia,Male
856,Jeffrey,Canada,Male
857,Marie,Russia,Female
858,Jimmy,Venezuela,Male
859,Lawrence,Jamaica,Male
860,Christopher,France,Male
861,Jessica,Greece,Female
862,Teresa,China,Female
863,Kevin,China,Male
864,Terry,France,Male
865,Rose,Philippines,Female
866,Joe,Indonesia,Male
867,Patrick,Mozambique,Male
868,Billy,Luxembourg,Male
869,Willie,Portugal,Male
870,Jose,Colombia,Male
871,Louis,Italy,Male
872,Jose,Spain,Male
873,Nancy,Palestinian Territory,Female
874,Lillian,Sweden,Female
875,Jason,Greece,Male
876,Kathy,China,Female
877,Gloria,Russia,Female
878,Norma,China,Female
879,Roger,China,Male
880,George,Indonesia,Male
881,Janet,Indonesia,Female
882,Amanda,Indonesia,Female
883,Bobby,Indonesia,Male
884,Norma,Indonesia,Female
885,Sandra,Philippines,Female
886,Raymond,China,Male
887,Julie,China,Female
888,Steve,Uganda,Male
889,Kevin,Portugal,Male
890,Donald,Philippines,Male
891,Doris,Myanmar,Female
892,Louise,China,Female
893,Alan,Brazil,Male
894,Alan,Canada,Male
895,Frances,China,Female
896,Alan,China,Male
897,Sandra,Nepal,Female
898,Arthur,Egypt,Male
899,Marie,Sweden,Female
900,Jimmy,Ukraine,Male
901,Lillian,Israel,Female
902,Emily,Portugal,Female
903,Barbara,Indonesia,Female
904,Terry,France,Male
905,Lawrence,Poland,Male
906,Carol,China,Female
907,Catherine,Philippines,Female
908,Heather,Philippines,Female
909,Craig,Russia,Male
910,Bobby,Tajikistan,Male
911,Susan,Russia,Female
912,Debra,Thailand,Female
913,Kathleen,Russia,Female
914,Matthew,Syria,Male
915,Michelle,Chile,Female
916,Larry,China,Male
917,Rebecca,Japan,Female
918,Nancy,Morocco,Female
919,Donna,Czech Republic,Female
920,Norma,Indonesia,Female
921,Anna,Philippines,Female
922,Gloria,Russia,Female
923,Evelyn,China,Female
924,Carl,Russia,Male
925,Kimberly,Israel,Female
926,Annie,Peru,Female
927,Steve,Ireland,Male
928,Jason,Philippines,Male
929,Steven,China,Male
930,Christine,Democratic Republic of the Congo,Female
931,Judith,Brazil,Female
932,Eric,Estonia,Male
933,Samuel,Serbia,Male
934,Christina,Sweden,Female
935,Mildred,Thailand,Female
936,Wayne,China,Male
937,Judy,Japan,Female
938,Samuel,Indonesia,Male
939,Sarah,Portugal,Female
940,Jessica,China,Female
941,Jeffrey,Portugal,Male
942,Jean,South Africa,Female
943,Ruth,Netherlands,Female
944,Frank,Ghana,Male
945,Rachel,Poland,Female
946,Kimberly,Peru,Female
947,Alice,Indonesia,Female
948,Richard,Czech Republic,Male
949,Matthew,Thailand,Male
950,Stephen,Poland,Male
951,Bruce,Tanzania,Male
952,Gloria,China,Female
953,Ernest,Sweden,Male
954,Clarence,Russia,Male
955,Wayne,Ethiopia,Male
956,Daniel,Peru,Male
957,Ashley,Serbia,Female
958,Anna,Philippines,Female
959,Wanda,France,Female
960,Mary,Greece,Female
961,Richard,China,Male
962,Catherine,Malaysia,Female
963,Julie,Botswana,Female
964,Bonnie,Poland,Female
965,Bobby,Philippines,Male
966,Joyce,Ukraine,Female
967,Judy,Croatia,Female
968,Pamela,China,Female
969,Joseph,Philippines,Male
970,Timothy,France,Male
971,Rose,Malaysia,Female
972,Rose,Russia,Female
973,Julie,China,Female
974,Sarah,Czech Republic,Female
975,Jane,Norway,Female
976,Shirley,Pakistan,Female
977,Roy,Indonesia,Male
978,Pamela,Portugal,Female
979,Amanda,Ireland,Female
980,Alan,China,Male
981,Helen,United States,Female
982,Terry,Mexico,Male
983,Tammy,Syria,Female
984,Eric,Philippines,Male
985,Helen,Philippines,Female
986,Juan,Brazil,Male
987,Kathleen,China,Female
988,Jennifer,Nigeria,Female
989,Matthew,Morocco,Male
990,Phillip,Finland,Male
991,Louis,Portugal,Male
992,Melissa,China,Female
993,Jennifer,China,Female
994,Beverly,Brazil,Female
995,Ruby,France,Female
996,Phyllis,Ukraine,Female
997,Carlos,United States,Male
998,Martin,Russia,Male
999,Marie,Togo,Female
1000,Frances,Poland,Female
